WarehouseName,TotalOccupiedVolume,zuobiao,Capacity
Walls Road,8088.283712,"-36.908292048622705, 174.81150938902172",10000
Carbine Rd Warehouse,6074.521233,"-36.91663296826453, 174.84653630196237",8000
CHCH Gerald Connelly,4598.564626,"-43.54012528819059, 172.5428335499763",5000
Presale-AKL,3866.43088,"-34.99187683169154, 175.8254136454127",4000
Presale-CHCH,1170.60865,"-43.495413606990766, 173.04712424564264",2000
CHCH Treffers,845.494283,"-43.543494678604766, 172.57295652140377",1000
